"Pathway Name","CLB Full-Stack Developer Resources"
"Pathway Description","Valuable links for each of the projects we're on."
"Content Warning",""
"Acknowledgments",""
"Created By","allanhaggett"
"Created Date","2025-10-15T01:37:12.638Z"
"Modified By","allanhaggett"
"Version","o8sxww-2025-10-15"
"Last Updated","2025-10-15T02:02:25.507Z"
"Total Steps","3"
"Total Bookmarks","6"
""
"Step","Title","URL","Description","Context","Type","Content Type","Sort Order"
"GitHub","B.C. government DevHub | Application developer guide | Use Github In Bcgov | Bc Government Organizations In Github","https://developer.gov.bc.ca/docs/default/component/bc-developer-guide/use-github-in-bcgov/bc-government-organizations-in-github/#directions-to-sign-up-and-link-your-account-for-bcgov","The B.C. government DevHub is a place to access common technical documentation, community knowledge bases, code samples and APIs.","Create an account, get joined to the ""BCGov"" GitHub org.","Required","read","0"
"GitHub","bcgov","https://github.com/bcgov","This is the home for code that is open. bcgov has 2435 repositories available. Follow their code on GitHub.","The primary BCGOV organization on GitHub. You need to be a member here if you want to make contributions to our open source projects that reside on OpenShift.","Required","read","1"
"LSApp","LSApp (Learning Support Admin Application)","https://gww.bcpublicservice.gov.bc.ca/lsapp/dashboard.php","LSApp (Learning Support Admin Application) acts as middleware between the many different learning systems that CLB deals with.","The application itself. You need an IDIR to request access.","Required","participate","0"
"LSApp","GitHub Project · LSApp","https://github.com/orgs/PSA-Corporate-Learning-Branch/projects/5/views/1","The main organizational project management interface. All application level changes go through this project using GitHub issues to tie changes to code.","This is where to go to create issues and look at the state of the project.","Required","Participate","1"
"LSApp","PSA-Corporate-Learning-Branch/lsapp: LSApp (Learning Support Admin Application)","https://github.com/PSA-Corporate-Learning-Branch/lsapp","LSApp (Learning Support Admin Application) acts as middleware between the many different learning systems that CLB deals with. - PSA-Corporate-Learning-Branch/lsapp","The primary repository for the code.","Required","Participate","2"
"LearningHUB","Home | LearningHUB","https://corporatelearning.gww.gov.bc.ca/learninghub/","The PSA Corporate Learning Branch and its partners offer hundreds of courses, available to all BCPS employees. The LearningHUB is the place to see that full catalogue of corporate offerings.","The site itself. Runs on WordPress, which is on OpenShift but is not under our control. Not sure who actually controls it these days. itservicerequest@gov.bc.ca for support.","Required","read","0"